[
  {
    "model": "admin.logentry",
    "pk": 1,
    "fields": {
      "action_time": "2024-08-20T09:40:30.108Z",
      "user": 1,
      "content_type": 10,
      "object_id": "4",
      "object_repr": "anastasia",
      "action_flag": 2,
      "change_message": "[{\"changed\": {\"fields\": [\"\\u0411\\u0438\\u0431\\u043b\\u0438\\u043e\\u0442\\u0435\\u043a\\u0430\\u0440\\u044c\"]}}]"
    }
  },
  {
    "model": "admin.logentry",
    "pk": 2,
    "fields": {
      "action_time": "2024-08-20T09:40:35.583Z",
      "user": 1,
      "content_type": 10,
      "object_id": "3",
      "object_repr": "alexey",
      "action_flag": 2,
      "change_message": "[{\"changed\": {\"fields\": [\"\\u0427\\u0438\\u0442\\u0430\\u0442\\u0435\\u043b\\u044c\"]}}]"
    }
  },
  {
    "model": "admin.logentry",
    "pk": 3,
    "fields": {
      "action_time": "2024-08-20T09:40:40.683Z",
      "user": 1,
      "content_type": 10,
      "object_id": "2",
      "object_repr": "andrey",
      "action_flag": 2,
      "change_message": "[{\"changed\": {\"fields\": [\"\\u0427\\u0438\\u0442\\u0430\\u0442\\u0435\\u043b\\u044c\"]}}]"
    }
  },
  {
    "model": "admin.logentry",
    "pk": 4,
    "fields": {
      "action_time": "2024-08-20T09:41:48.920Z",
      "user": 1,
      "content_type": 6,
      "object_id": "1",
      "object_repr": "Убить пересмешника",
      "action_flag": 1,
      "change_message": "[{\"added\": {}}]"
    }
  },
  {
    "model": "admin.logentry",
    "pk": 5,
    "fields": {
      "action_time": "2024-08-20T09:42:43.007Z",
      "user": 1,
      "content_type": 6,
      "object_id": "2",
      "object_repr": "Мастер и Маргарита",
      "action_flag": 1,
      "change_message": "[{\"added\": {}}]"
    }
  },
  {
    "model": "admin.logentry",
    "pk": 6,
    "fields": {
      "action_time": "2024-08-20T09:43:31.498Z",
      "user": 1,
      "content_type": 6,
      "object_id": "3",
      "object_repr": "Преступление и наказание",
      "action_flag": 1,
      "change_message": "[{\"added\": {}}]"
    }
  },
  {
    "model": "admin.logentry",
    "pk": 7,
    "fields": {
      "action_time": "2024-08-20T09:44:23.325Z",
      "user": 1,
      "content_type": 6,
      "object_id": "4",
      "object_repr": "Сто лет одиночества",
      "action_flag": 1,
      "change_message": "[{\"added\": {}}]"
    }
  },
  {
    "model": "admin.logentry",
    "pk": 8,
    "fields": {
      "action_time": "2024-08-20T09:45:17.744Z",
      "user": 1,
      "content_type": 6,
      "object_id": "5",
      "object_repr": "Гордость и предубеждение",
      "action_flag": 1,
      "change_message": "[{\"added\": {}}]"
    }
  },
  {
    "model": "admin.logentry",
    "pk": 9,
    "fields": {
      "action_time": "2024-08-20T09:46:12.749Z",
      "user": 1,
      "content_type": 6,
      "object_id": "6",
      "object_repr": "Великий Гэтсби",
      "action_flag": 1,
      "change_message": "[{\"added\": {}}]"
    }
  },
  {
    "model": "admin.logentry",
    "pk": 10,
    "fields": {
      "action_time": "2024-08-20T09:47:07.251Z",
      "user": 1,
      "content_type": 6,
      "object_id": "7",
      "object_repr": "Анна Каренина",
      "action_flag": 1,
      "change_message": "[{\"added\": {}}]"
    }
  },
  {
    "model": "admin.logentry",
    "pk": 11,
    "fields": {
      "action_time": "2024-08-20T09:47:56.579Z",
      "user": 1,
      "content_type": 6,
      "object_id": "8",
      "object_repr": "Портрет Дориана Грея",
      "action_flag": 1,
      "change_message": "[{\"added\": {}}]"
    }
  },
  {
    "model": "admin.logentry",
    "pk": 12,
    "fields": {
      "action_time": "2024-08-20T09:49:01.576Z",
      "user": 1,
      "content_type": 6,
      "object_id": "9",
      "object_repr": "Мадам Бовари",
      "action_flag": 1,
      "change_message": "[{\"added\": {}}]"
    }
  },
  {
    "model": "admin.logentry",
    "pk": 13,
    "fields": {
      "action_time": "2024-08-20T13:27:03.935Z",
      "user": 1,
      "content_type": 10,
      "object_id": "4",
      "object_repr": "anastasia",
      "action_flag": 2,
      "change_message": "[]"
    }
  },
  {
    "model": "admin.logentry",
    "pk": 14,
    "fields": {
      "action_time": "2024-08-20T14:31:13.899Z",
      "user": 1,
      "content_type": 10,
      "object_id": "4",
      "object_repr": "anastasia",
      "action_flag": 2,
      "change_message": "[{\"changed\": {\"fields\": [\"\\u0422\\u0438\\u043f \\u043f\\u043e\\u043b\\u044c\\u0437\\u043e\\u0432\\u0430\\u0442\\u0435\\u043b\\u044f\", \"\\u0427\\u0438\\u0442\\u0430\\u0442\\u0435\\u043b\\u044c\", \"\\u0411\\u0438\\u0431\\u043b\\u0438\\u043e\\u0442\\u0435\\u043a\\u0430\\u0440\\u044c\"]}}]"
    }
  },
  {
    "model": "admin.logentry",
    "pk": 15,
    "fields": {
      "action_time": "2024-08-20T14:42:18.447Z",
      "user": 1,
      "content_type": 7,
      "object_id": "20",
      "object_repr": "BorrowedBook object (20)",
      "action_flag": 1,
      "change_message": "[{\"added\": {}}]"
    }
  },
  {
    "model": "admin.logentry",
    "pk": 16,
    "fields": {
      "action_time": "2024-08-20T14:42:43.685Z",
      "user": 1,
      "content_type": 7,
      "object_id": "20",
      "object_repr": "BorrowedBook object (20)",
      "action_flag": 2,
      "change_message": "[{\"changed\": {\"fields\": [\"\\u0414\\u0430\\u0442\\u0430 \\u0432\\u043e\\u0437\\u0432\\u0440\\u0430\\u0442\\u0430 \\u043a\\u043d\\u0438\\u0433\\u0438\", \"\\u041a\\u043d\\u0438\\u0433\\u0430 \\u0432\\u043e\\u0437\\u0432\\u0440\\u0430\\u0449\\u0435\\u043d\\u0430\"]}}]"
    }
  },
  {
    "model": "admin.logentry",
    "pk": 17,
    "fields": {
      "action_time": "2024-08-20T14:43:18.709Z",
      "user": 1,
      "content_type": 7,
      "object_id": "21",
      "object_repr": "BorrowedBook object (21)",
      "action_flag": 1,
      "change_message": "[{\"added\": {}}]"
    }
  },
  {
    "model": "admin.logentry",
    "pk": 18,
    "fields": {
      "action_time": "2024-08-20T14:43:35.230Z",
      "user": 1,
      "content_type": 7,
      "object_id": "21",
      "object_repr": "BorrowedBook object (21)",
      "action_flag": 2,
      "change_message": "[{\"changed\": {\"fields\": [\"\\u0414\\u0430\\u0442\\u0430 \\u0432\\u043e\\u0437\\u0432\\u0440\\u0430\\u0442\\u0430 \\u043a\\u043d\\u0438\\u0433\\u0438\", \"\\u041a\\u043d\\u0438\\u0433\\u0430 \\u0432\\u043e\\u0437\\u0432\\u0440\\u0430\\u0449\\u0435\\u043d\\u0430\"]}}]"
    }
  },
  {
    "model": "admin.logentry",
    "pk": 19,
    "fields": {
      "action_time": "2024-08-20T14:43:54.831Z",
      "user": 1,
      "content_type": 7,
      "object_id": "21",
      "object_repr": "BorrowedBook object (21)",
      "action_flag": 2,
      "change_message": "[{\"changed\": {\"fields\": [\"\\u041a\\u043d\\u0438\\u0433\\u0430 \\u0432\\u043e\\u0437\\u0432\\u0440\\u0430\\u0449\\u0435\\u043d\\u0430\"]}}]"
    }
  },
  {
    "model": "admin.logentry",
    "pk": 20,
    "fields": {
      "action_time": "2024-08-20T16:04:57.214Z",
      "user": 1,
      "content_type": 7,
      "object_id": "21",
      "object_repr": "BorrowedBook object (21)",
      "action_flag": 3,
      "change_message": ""
    }
  },
  {
    "model": "auth.permission",
    "pk": 1,
    "fields": {
      "name": "Can add log entry",
      "content_type": 1,
      "codename": "add_logentry"
    }
  },
  {
    "model": "auth.permission",
    "pk": 2,
    "fields": {
      "name": "Can change log entry",
      "content_type": 1,
      "codename": "change_logentry"
    }
  },
  {
    "model": "auth.permission",
    "pk": 3,
    "fields": {
      "name": "Can delete log entry",
      "content_type": 1,
      "codename": "delete_logentry"
    }
  },
  {
    "model": "auth.permission",
    "pk": 4,
    "fields": {
      "name": "Can view log entry",
      "content_type": 1,
      "codename": "view_logentry"
    }
  },
  {
    "model": "auth.permission",
    "pk": 5,
    "fields": {
      "name": "Can add permission",
      "content_type": 2,
      "codename": "add_permission"
    }
  },
  {
    "model": "auth.permission",
    "pk": 6,
    "fields": {
      "name": "Can change permission",
      "content_type": 2,
      "codename": "change_permission"
    }
  },
  {
    "model": "auth.permission",
    "pk": 7,
    "fields": {
      "name": "Can delete permission",
      "content_type": 2,
      "codename": "delete_permission"
    }
  },
  {
    "model": "auth.permission",
    "pk": 8,
    "fields": {
      "name": "Can view permission",
      "content_type": 2,
      "codename": "view_permission"
    }
  },
  {
    "model": "auth.permission",
    "pk": 9,
    "fields": {
      "name": "Can add group",
      "content_type": 3,
      "codename": "add_group"
    }
  },
  {
    "model": "auth.permission",
    "pk": 10,
    "fields": {
      "name": "Can change group",
      "content_type": 3,
      "codename": "change_group"
    }
  },
  {
    "model": "auth.permission",
    "pk": 11,
    "fields": {
      "name": "Can delete group",
      "content_type": 3,
      "codename": "delete_group"
    }
  },
  {
    "model": "auth.permission",
    "pk": 12,
    "fields": {
      "name": "Can view group",
      "content_type": 3,
      "codename": "view_group"
    }
  },
  {
    "model": "auth.permission",
    "pk": 13,
    "fields": {
      "name": "Can add content type",
      "content_type": 4,
      "codename": "add_contenttype"
    }
  },
  {
    "model": "auth.permission",
    "pk": 14,
    "fields": {
      "name": "Can change content type",
      "content_type": 4,
      "codename": "change_contenttype"
    }
  },
  {
    "model": "auth.permission",
    "pk": 15,
    "fields": {
      "name": "Can delete content type",
      "content_type": 4,
      "codename": "delete_contenttype"
    }
  },
  {
    "model": "auth.permission",
    "pk": 16,
    "fields": {
      "name": "Can view content type",
      "content_type": 4,
      "codename": "view_contenttype"
    }
  },
  {
    "model": "auth.permission",
    "pk": 17,
    "fields": {
      "name": "Can add session",
      "content_type": 5,
      "codename": "add_session"
    }
  },
  {
    "model": "auth.permission",
    "pk": 18,
    "fields": {
      "name": "Can change session",
      "content_type": 5,
      "codename": "change_session"
    }
  },
  {
    "model": "auth.permission",
    "pk": 19,
    "fields": {
      "name": "Can delete session",
      "content_type": 5,
      "codename": "delete_session"
    }
  },
  {
    "model": "auth.permission",
    "pk": 20,
    "fields": {
      "name": "Can view session",
      "content_type": 5,
      "codename": "view_session"
    }
  },
  {
    "model": "auth.permission",
    "pk": 21,
    "fields": {
      "name": "Can add Книга",
      "content_type": 6,
      "codename": "add_book"
    }
  },
  {
    "model": "auth.permission",
    "pk": 22,
    "fields": {
      "name": "Can change Книга",
      "content_type": 6,
      "codename": "change_book"
    }
  },
  {
    "model": "auth.permission",
    "pk": 23,
    "fields": {
      "name": "Can delete Книга",
      "content_type": 6,
      "codename": "delete_book"
    }
  },
  {
    "model": "auth.permission",
    "pk": 24,
    "fields": {
      "name": "Can view Книга",
      "content_type": 6,
      "codename": "view_book"
    }
  },
  {
    "model": "auth.permission",
    "pk": 25,
    "fields": {
      "name": "Can add Взятая книга",
      "content_type": 7,
      "codename": "add_borrowedbook"
    }
  },
  {
    "model": "auth.permission",
    "pk": 26,
    "fields": {
      "name": "Can change Взятая книга",
      "content_type": 7,
      "codename": "change_borrowedbook"
    }
  },
  {
    "model": "auth.permission",
    "pk": 27,
    "fields": {
      "name": "Can delete Взятая книга",
      "content_type": 7,
      "codename": "delete_borrowedbook"
    }
  },
  {
    "model": "auth.permission",
    "pk": 28,
    "fields": {
      "name": "Can view Взятая книга",
      "content_type": 7,
      "codename": "view_borrowedbook"
    }
  },
  {
    "model": "auth.permission",
    "pk": 29,
    "fields": {
      "name": "Can add historical Книга",
      "content_type": 8,
      "codename": "add_historicalbook"
    }
  },
  {
    "model": "auth.permission",
    "pk": 30,
    "fields": {
      "name": "Can change historical Книга",
      "content_type": 8,
      "codename": "change_historicalbook"
    }
  },
  {
    "model": "auth.permission",
    "pk": 31,
    "fields": {
      "name": "Can delete historical Книга",
      "content_type": 8,
      "codename": "delete_historicalbook"
    }
  },
  {
    "model": "auth.permission",
    "pk": 32,
    "fields": {
      "name": "Can view historical Книга",
      "content_type": 8,
      "codename": "view_historicalbook"
    }
  },
  {
    "model": "auth.permission",
    "pk": 33,
    "fields": {
      "name": "Can add historical Взятая книга",
      "content_type": 9,
      "codename": "add_historicalborrowedbook"
    }
  },
  {
    "model": "auth.permission",
    "pk": 34,
    "fields": {
      "name": "Can change historical Взятая книга",
      "content_type": 9,
      "codename": "change_historicalborrowedbook"
    }
  },
  {
    "model": "auth.permission",
    "pk": 35,
    "fields": {
      "name": "Can delete historical Взятая книга",
      "content_type": 9,
      "codename": "delete_historicalborrowedbook"
    }
  },
  {
    "model": "auth.permission",
    "pk": 36,
    "fields": {
      "name": "Can view historical Взятая книга",
      "content_type": 9,
      "codename": "view_historicalborrowedbook"
    }
  },
  {
    "model": "auth.permission",
    "pk": 37,
    "fields": {
      "name": "Can add Пользователь",
      "content_type": 10,
      "codename": "add_user"
    }
  },
  {
    "model": "auth.permission",
    "pk": 38,
    "fields": {
      "name": "Can change Пользователь",
      "content_type": 10,
      "codename": "change_user"
    }
  },
  {
    "model": "auth.permission",
    "pk": 39,
    "fields": {
      "name": "Can delete Пользователь",
      "content_type": 10,
      "codename": "delete_user"
    }
  },
  {
    "model": "auth.permission",
    "pk": 40,
    "fields": {
      "name": "Can view Пользователь",
      "content_type": 10,
      "codename": "view_user"
    }
  },
  {
    "model": "contenttypes.contenttype",
    "pk": 1,
    "fields": {
      "app_label": "admin",
      "model": "logentry"
    }
  },
  {
    "model": "contenttypes.contenttype",
    "pk": 2,
    "fields": {
      "app_label": "auth",
      "model": "permission"
    }
  },
  {
    "model": "contenttypes.contenttype",
    "pk": 3,
    "fields": {
      "app_label": "auth",
      "model": "group"
    }
  },
  {
    "model": "contenttypes.contenttype",
    "pk": 4,
    "fields": {
      "app_label": "contenttypes",
      "model": "contenttype"
    }
  },
  {
    "model": "contenttypes.contenttype",
    "pk": 5,
    "fields": {
      "app_label": "sessions",
      "model": "session"
    }
  },
  {
    "model": "contenttypes.contenttype",
    "pk": 6,
    "fields": {
      "app_label": "library",
      "model": "book"
    }
  },
  {
    "model": "contenttypes.contenttype",
    "pk": 7,
    "fields": {
      "app_label": "library",
      "model": "borrowedbook"
    }
  },
  {
    "model": "contenttypes.contenttype",
    "pk": 8,
    "fields": {
      "app_label": "library",
      "model": "historicalbook"
    }
  },
  {
    "model": "contenttypes.contenttype",
    "pk": 9,
    "fields": {
      "app_label": "library",
      "model": "historicalborrowedbook"
    }
  },
  {
    "model": "contenttypes.contenttype",
    "pk": 10,
    "fields": {
      "app_label": "users",
      "model": "user"
    }
  },
  {
    "model": "sessions.session",
    "pk": "3rpqiosv86qbsbf5nawfcslopvdzk808",
    "fields": {
      "session_data": ".eJxVjEEOwiAQRe_C2pCODAVcuvcMZBhAqgaS0q6Md7dNutDtf-_9t_C0LsWvPc1-iuIiQJx-t0D8THUH8UH13iS3usxTkLsiD9rlrcX0uh7u30GhXraaMLEecqQAjEozjtmhRlbEFkbngtFoN2IQ8KyAXEaTlDJgB4PRBvH5AuBsNxk:1sgLLb:ZT1mUK0__sPgSz4NOMbg95BVbo08sNycHlOsKoNoFfk",
      "expire_date": "2024-09-03T09:40:15.094Z"
    }
  },
  {
    "model": "library.historicalbook",
    "pk": 1,
    "fields": {
      "id": 1,
      "title": "Убить пересмешника",
      "author": "Харпер Ли",
      "genre": "южная готика, драма",
      "cover": "",
      "description": "В книге исследуются темы расовой несправедливости и предрассудков в южных штатах США через призму жизни маленькой девочки, чей отец, адвокат, защищает чернокожего мужчину, обвиненного в изнасиловании белой женщины.",
      "history_date": "2024-08-20T09:41:48.913Z",
      "history_change_reason": null,
      "history_type": "+",
      "history_user": 1
    }
  },
  {
    "model": "library.historicalbook",
    "pk": 2,
    "fields": {
      "id": 2,
      "title": "Мастер и Маргарита",
      "author": "Михаил Булгаков",
      "genre": "магический реализм, сатира",
      "cover": "",
      "description": "Этот роман сочетает в себе элементы фантастики и реальности, рассказывая о визите дьявола в атеистическую Москву 1930-х годов, любви Мастера и Маргариты, а также философских размышлениях о добре и зле.",
      "history_date": "2024-08-20T09:42:43.004Z",
      "history_change_reason": null,
      "history_type": "+",
      "history_user": 1
    }
  },
  {
    "model": "library.historicalbook",
    "pk": 3,
    "fields": {
      "id": 3,
      "title": "Преступление и наказание",
      "author": "Фёдор Достоевский",
      "genre": "философский роман, драма",
      "cover": "",
      "description": "Книга погружает читателя в мир внутренних страданий студента Родиона Раскольникова, который решает убить старуху-процентщицу, но впоследствии начинает мучиться чувством вины и сомнениями в правоте своего поступка.",
      "history_date": "2024-08-20T09:43:31.496Z",
      "history_change_reason": null,
      "history_type": "+",
      "history_user": 1
    }
  },
  {
    "model": "library.historicalbook",
    "pk": 4,
    "fields": {
      "id": 4,
      "title": "Сто лет одиночества",
      "author": "Габриэль Гарсиа Маркес",
      "genre": "магический реализм",
      "cover": "",
      "description": "Эпический роман, повествующий о судьбе семьи Буэндиа в вымышленном городке Макондо. Книга исследует цикличность истории, неизбежность судьбы и влияние прошлого на настоящее.",
      "history_date": "2024-08-20T09:44:23.323Z",
      "history_change_reason": null,
      "history_type": "+",
      "history_user": 1
    }
  },
  {
    "model": "library.historicalbook",
    "pk": 5,
    "fields": {
      "id": 5,
      "title": "Гордость и предубеждение",
      "author": "Джейн Остин",
      "genre": "романтика, социальная сатира",
      "cover": "",
      "description": "Этот классический роман рассказывает историю Элизабет Беннет, молодой женщины, которая сталкивается с проблемами любви, семьи и социального статуса в Англии XVIII века.",
      "history_date": "2024-08-20T09:45:17.742Z",
      "history_change_reason": null,
      "history_type": "+",
      "history_user": 1
    }
  },
  {
    "model": "library.historicalbook",
    "pk": 6,
    "fields": {
      "id": 6,
      "title": "Великий Гэтсби",
      "author": "Фрэнсис Скотт Фицджеральд",
      "genre": "драма, трагедия",
      "cover": "",
      "description": "Роман исследует мир \"Американской мечты\" через историю богатого, но одинокого Джея Гэтсби, который стремится вернуть свою утраченную любовь, несмотря на все препятствия.",
      "history_date": "2024-08-20T09:46:12.746Z",
      "history_change_reason": null,
      "history_type": "+",
      "history_user": 1
    }
  },
  {
    "model": "library.historicalbook",
    "pk": 7,
    "fields": {
      "id": 7,
      "title": "Анна Каренина",
      "author": "Лев Толстой",
      "genre": "роман, драма",
      "cover": "",
      "description": "В центре романа – трагическая история любви Анны Карениной, женщины из высшего общества, чьи поступки приводят её к катастрофическим последствиям. Книга также исследует темы семейных отношений, морали и человеческих страстей.",
      "history_date": "2024-08-20T09:47:07.249Z",
      "history_change_reason": null,
      "history_type": "+",
      "history_user": 1
    }
  },
  {
    "model": "library.historicalbook",
    "pk": 8,
    "fields": {
      "id": 8,
      "title": "Портрет Дориана Грея",
      "author": "Оскар Уайльд",
      "genre": "готический роман",
      "cover": "",
      "description": "Повествование о молодом человеке, который заключает сделку, чтобы его портрет старел вместо него, что приводит к моральному разложению и трагедии.",
      "history_date": "2024-08-20T09:47:56.577Z",
      "history_change_reason": null,
      "history_type": "+",
      "history_user": 1
    }
  },
  {
    "model": "library.historicalbook",
    "pk": 9,
    "fields": {
      "id": 9,
      "title": "Мадам Бовари",
      "author": "Гюстав Флобер",
      "genre": "реалистический роман",
      "cover": "",
      "description": "История о женщине, разочарованной браком и жизнью в провинции, которая ищет утешения в романах и адюльтерах, что приводит к её падению и трагедии.",
      "history_date": "2024-08-20T09:49:01.573Z",
      "history_change_reason": null,
      "history_type": "+",
      "history_user": 1
    }
  },
  {
    "model": "library.historicalbook",
    "pk": 10,
    "fields": {
      "id": 9,
      "title": "Мадам Бовари",
      "author": "Гюстав Флобер",
      "genre": "реалистический роман",
      "cover": "",
      "description": "История о женщине, разочарованной браком и жизнью в провинции, которая ищет утешения в романах и адюльтерах, что приводит к её падению и трагедии.",
      "history_date": "2024-08-20T14:15:45.011Z",
      "history_change_reason": null,
      "history_type": "~",
      "history_user": null
    }
  },
  {
    "model": "library.historicalbook",
    "pk": 11,
    "fields": {
      "id": 9,
      "title": "Мадам Бовари",
      "author": "Гюстав Флобер",
      "genre": "реалистический роман.",
      "cover": "",
      "description": "История о женщине, разочарованной браком и жизнью в провинции, которая ищет утешения в романах и адюльтерах, что приводит к её падению и трагедии.",
      "history_date": "2024-08-20T14:16:12.416Z",
      "history_change_reason": null,
      "history_type": "~",
      "history_user": null
    }
  },
  {
    "model": "library.historicalbook",
    "pk": 12,
    "fields": {
      "id": 9,
      "title": "Мадам Бовари",
      "author": "Гюстав Флобер",
      "genre": "реалистический роман",
      "cover": "",
      "description": "История о женщине, разочарованной браком и жизнью в провинции, которая ищет утешения в романах и адюльтерах, что приводит к её падению и трагедии.",
      "history_date": "2024-08-20T14:16:21.288Z",
      "history_change_reason": null,
      "history_type": "~",
      "history_user": null
    }
  },
  {
    "model": "library.book",
    "pk": 1,
    "fields": {
      "title": "Убить пересмешника",
      "author": "Харпер Ли",
      "genre": "южная готика, драма",
      "cover": "",
      "description": "В книге исследуются темы расовой несправедливости и предрассудков в южных штатах США через призму жизни маленькой девочки, чей отец, адвокат, защищает чернокожего мужчину, обвиненного в изнасиловании белой женщины."
    }
  },
  {
    "model": "library.book",
    "pk": 2,
    "fields": {
      "title": "Мастер и Маргарита",
      "author": "Михаил Булгаков",
      "genre": "магический реализм, сатира",
      "cover": "",
      "description": "Этот роман сочетает в себе элементы фантастики и реальности, рассказывая о визите дьявола в атеистическую Москву 1930-х годов, любви Мастера и Маргариты, а также философских размышлениях о добре и зле."
    }
  },
  {
    "model": "library.book",
    "pk": 3,
    "fields": {
      "title": "Преступление и наказание",
      "author": "Фёдор Достоевский",
      "genre": "философский роман, драма",
      "cover": "",
      "description": "Книга погружает читателя в мир внутренних страданий студента Родиона Раскольникова, который решает убить старуху-процентщицу, но впоследствии начинает мучиться чувством вины и сомнениями в правоте своего поступка."
    }
  },
  {
    "model": "library.book",
    "pk": 4,
    "fields": {
      "title": "Сто лет одиночества",
      "author": "Габриэль Гарсиа Маркес",
      "genre": "магический реализм",
      "cover": "",
      "description": "Эпический роман, повествующий о судьбе семьи Буэндиа в вымышленном городке Макондо. Книга исследует цикличность истории, неизбежность судьбы и влияние прошлого на настоящее."
    }
  },
  {
    "model": "library.book",
    "pk": 5,
    "fields": {
      "title": "Гордость и предубеждение",
      "author": "Джейн Остин",
      "genre": "романтика, социальная сатира",
      "cover": "",
      "description": "Этот классический роман рассказывает историю Элизабет Беннет, молодой женщины, которая сталкивается с проблемами любви, семьи и социального статуса в Англии XVIII века."
    }
  },
  {
    "model": "library.book",
    "pk": 6,
    "fields": {
      "title": "Великий Гэтсби",
      "author": "Фрэнсис Скотт Фицджеральд",
      "genre": "драма, трагедия",
      "cover": "",
      "description": "Роман исследует мир \"Американской мечты\" через историю богатого, но одинокого Джея Гэтсби, который стремится вернуть свою утраченную любовь, несмотря на все препятствия."
    }
  },
  {
    "model": "library.book",
    "pk": 7,
    "fields": {
      "title": "Анна Каренина",
      "author": "Лев Толстой",
      "genre": "роман, драма",
      "cover": "",
      "description": "В центре романа – трагическая история любви Анны Карениной, женщины из высшего общества, чьи поступки приводят её к катастрофическим последствиям. Книга также исследует темы семейных отношений, морали и человеческих страстей."
    }
  },
  {
    "model": "library.book",
    "pk": 8,
    "fields": {
      "title": "Портрет Дориана Грея",
      "author": "Оскар Уайльд",
      "genre": "готический роман",
      "cover": "",
      "description": "Повествование о молодом человеке, который заключает сделку, чтобы его портрет старел вместо него, что приводит к моральному разложению и трагедии."
    }
  },
  {
    "model": "library.book",
    "pk": 9,
    "fields": {
      "title": "Мадам Бовари",
      "author": "Гюстав Флобер",
      "genre": "реалистический роман",
      "cover": "",
      "description": "История о женщине, разочарованной браком и жизнью в провинции, которая ищет утешения в романах и адюльтерах, что приводит к её падению и трагедии."
    }
  },
  {
    "model": "library.historicalborrowedbook",
    "pk": 1,
    "fields": {
      "id": 2,
      "borrowed_date": "2024-08-20T09:54:15.687Z",
      "returned_date": null,
      "is_returned": false,
      "book": 1,
      "user": 2,
      "history_date": "2024-08-20T09:54:15.701Z",
      "history_change_reason": null,
      "history_type": "+",
      "history_user": 2
    }
  },
  {
    "model": "library.historicalborrowedbook",
    "pk": 2,
    "fields": {
      "id": 3,
      "borrowed_date": "2024-08-20T09:54:28.562Z",
      "returned_date": null,
      "is_returned": false,
      "book": 5,
      "user": 2,
      "history_date": "2024-08-20T09:54:28.570Z",
      "history_change_reason": null,
      "history_type": "+",
      "history_user": 2
    }
  },
  {
    "model": "library.historicalborrowedbook",
    "pk": 3,
    "fields": {
      "id": 4,
      "borrowed_date": "2024-08-20T09:54:42.986Z",
      "returned_date": null,
      "is_returned": false,
      "book": 8,
      "user": 2,
      "history_date": "2024-08-20T09:54:42.986Z",
      "history_change_reason": null,
      "history_type": "+",
      "history_user": 2
    }
  },
  {
    "model": "library.historicalborrowedbook",
    "pk": 4,
    "fields": {
      "id": 4,
      "borrowed_date": "2024-08-20T09:54:42.986Z",
      "returned_date": "2024-08-20T09:55:24.191Z",
      "is_returned": true,
      "book": 8,
      "user": 2,
      "history_date": "2024-08-20T09:55:24.198Z",
      "history_change_reason": null,
      "history_type": "~",
      "history_user": 2
    }
  },
  {
    "model": "library.historicalborrowedbook",
    "pk": 5,
    "fields": {
      "id": 5,
      "borrowed_date": "2024-08-20T10:00:32.004Z",
      "returned_date": null,
      "is_returned": false,
      "book": 7,
      "user": 3,
      "history_date": "2024-08-20T10:00:32.013Z",
      "history_change_reason": null,
      "history_type": "+",
      "history_user": 3
    }
  },
  {
    "model": "library.historicalborrowedbook",
    "pk": 6,
    "fields": {
      "id": 6,
      "borrowed_date": "2024-08-20T10:00:38.763Z",
      "returned_date": null,
      "is_returned": false,
      "book": 4,
      "user": 3,
      "history_date": "2024-08-20T10:00:38.770Z",
      "history_change_reason": null,
      "history_type": "+",
      "history_user": 3
    }
  },
  {
    "model": "library.historicalborrowedbook",
    "pk": 7,
    "fields": {
      "id": 7,
      "borrowed_date": "2024-08-20T10:00:46.818Z",
      "returned_date": null,
      "is_returned": false,
      "book": 2,
      "user": 3,
      "history_date": "2024-08-20T10:00:46.822Z",
      "history_change_reason": null,
      "history_type": "+",
      "history_user": 3
    }
  },
  {
    "model": "library.historicalborrowedbook",
    "pk": 8,
    "fields": {
      "id": 8,
      "borrowed_date": "2024-08-20T10:04:35.426Z",
      "returned_date": null,
      "is_returned": false,
      "book": 1,
      "user": 3,
      "history_date": "2024-08-20T10:04:35.447Z",
      "history_change_reason": null,
      "history_type": "+",
      "history_user": 3
    }
  },
  {
    "model": "library.historicalborrowedbook",
    "pk": 9,
    "fields": {
      "id": 7,
      "borrowed_date": "2024-08-20T10:00:46.818Z",
      "returned_date": "2024-08-20T10:04:48.152Z",
      "is_returned": true,
      "book": 2,
      "user": 3,
      "history_date": "2024-08-20T10:04:48.168Z",
      "history_change_reason": null,
      "history_type": "~",
      "history_user": 3
    }
  },
  {
    "model": "library.historicalborrowedbook",
    "pk": 10,
    "fields": {
      "id": 9,
      "borrowed_date": "2024-08-20T10:05:25.447Z",
      "returned_date": null,
      "is_returned": false,
      "book": 5,
      "user": 3,
      "history_date": "2024-08-20T10:05:25.448Z",
      "history_change_reason": null,
      "history_type": "+",
      "history_user": 3
    }
  },
  {
    "model": "library.historicalborrowedbook",
    "pk": 11,
    "fields": {
      "id": 9,
      "borrowed_date": "2024-08-20T10:05:25.447Z",
      "returned_date": "2024-08-20T10:06:21.458Z",
      "is_returned": true,
      "book": 5,
      "user": 3,
      "history_date": "2024-08-20T10:06:21.465Z",
      "history_change_reason": null,
      "history_type": "~",
      "history_user": 3
    }
  },
  {
    "model": "library.historicalborrowedbook",
    "pk": 12,
    "fields": {
      "id": 10,
      "borrowed_date": "2024-08-20T10:15:42.783Z",
      "returned_date": null,
      "is_returned": false,
      "book": 5,
      "user": 3,
      "history_date": "2024-08-20T10:15:42.786Z",
      "history_change_reason": null,
      "history_type": "+",
      "history_user": 3
    }
  },
  {
    "model": "library.historicalborrowedbook",
    "pk": 13,
    "fields": {
      "id": 10,
      "borrowed_date": "2024-08-20T10:15:42.783Z",
      "returned_date": "2024-08-20T10:16:59.342Z",
      "is_returned": true,
      "book": 5,
      "user": 3,
      "history_date": "2024-08-20T10:16:59.349Z",
      "history_change_reason": null,
      "history_type": "~",
      "history_user": 3
    }
  },
  {
    "model": "library.historicalborrowedbook",
    "pk": 14,
    "fields": {
      "id": 11,
      "borrowed_date": "2024-08-20T10:31:40.006Z",
      "returned_date": null,
      "is_returned": false,
      "book": 5,
      "user": 4,
      "history_date": "2024-08-20T10:31:40.022Z",
      "history_change_reason": null,
      "history_type": "+",
      "history_user": 4
    }
  },
  {
    "model": "library.historicalborrowedbook",
    "pk": 15,
    "fields": {
      "id": 11,
      "borrowed_date": "2024-08-20T10:31:40.006Z",
      "returned_date": "2024-08-20T10:33:33.911Z",
      "is_returned": true,
      "book": 5,
      "user": 4,
      "history_date": "2024-08-20T10:33:33.920Z",
      "history_change_reason": null,
      "history_type": "~",
      "history_user": 4
    }
  },
  {
    "model": "library.historicalborrowedbook",
    "pk": 16,
    "fields": {
      "id": 3,
      "borrowed_date": "2024-08-20T09:54:28.562Z",
      "returned_date": "2024-08-20T13:20:28.842Z",
      "is_returned": true,
      "book": 5,
      "user": 2,
      "history_date": "2024-08-20T13:20:28.854Z",
      "history_change_reason": null,
      "history_type": "~",
      "history_user": 2
    }
  },
  {
    "model": "library.historicalborrowedbook",
    "pk": 17,
    "fields": {
      "id": 12,
      "borrowed_date": "2024-08-20T13:21:00.803Z",
      "returned_date": null,
      "is_returned": false,
      "book": 9,
      "user": 2,
      "history_date": "2024-08-20T13:21:00.806Z",
      "history_change_reason": null,
      "history_type": "+",
      "history_user": 2
    }
  },
  {
    "model": "library.historicalborrowedbook",
    "pk": 18,
    "fields": {
      "id": 13,
      "borrowed_date": "2024-08-20T13:21:36.590Z",
      "returned_date": null,
      "is_returned": false,
      "book": 6,
      "user": 2,
      "history_date": "2024-08-20T13:21:36.597Z",
      "history_change_reason": null,
      "history_type": "+",
      "history_user": 2
    }
  },
  {
    "model": "library.historicalborrowedbook",
    "pk": 19,
    "fields": {
      "id": 14,
      "borrowed_date": "2024-08-20T14:33:33.986Z",
      "returned_date": null,
      "is_returned": false,
      "book": 4,
      "user": 2,
      "history_date": "2024-08-20T14:33:33.990Z",
      "history_change_reason": null,
      "history_type": "+",
      "history_user": 2
    }
  },
  {
    "model": "library.historicalborrowedbook",
    "pk": 20,
    "fields": {
      "id": 12,
      "borrowed_date": "2024-08-20T13:21:00.803Z",
      "returned_date": "2024-08-20T14:34:24.992Z",
      "is_returned": true,
      "book": 9,
      "user": 2,
      "history_date": "2024-08-20T14:34:24.995Z",
      "history_change_reason": null,
      "history_type": "~",
      "history_user": 2
    }
  },
  {
    "model": "library.historicalborrowedbook",
    "pk": 21,
    "fields": {
      "id": 5,
      "borrowed_date": "2024-08-20T10:00:32.004Z",
      "returned_date": "2024-08-20T14:36:36.949Z",
      "is_returned": true,
      "book": 7,
      "user": 3,
      "history_date": "2024-08-20T14:36:36.956Z",
      "history_change_reason": null,
      "history_type": "~",
      "history_user": 3
    }
  },
  {
    "model": "library.historicalborrowedbook",
    "pk": 22,
    "fields": {
      "id": 15,
      "borrowed_date": "2024-08-20T14:38:04.528Z",
      "returned_date": null,
      "is_returned": false,
      "book": 2,
      "user": 3,
      "history_date": "2024-08-20T14:38:04.535Z",
      "history_change_reason": null,
      "history_type": "+",
      "history_user": 3
    }
  },
  {
    "model": "library.historicalborrowedbook",
    "pk": 23,
    "fields": {
      "id": 16,
      "borrowed_date": "2024-08-20T14:39:15.763Z",
      "returned_date": null,
      "is_returned": false,
      "book": 2,
      "user": 4,
      "history_date": "2024-08-20T14:39:15.765Z",
      "history_change_reason": null,
      "history_type": "+",
      "history_user": 4
    }
  },
  {
    "model": "library.historicalborrowedbook",
    "pk": 24,
    "fields": {
      "id": 17,
      "borrowed_date": "2024-08-20T14:39:49.580Z",
      "returned_date": null,
      "is_returned": false,
      "book": 9,
      "user": 4,
      "history_date": "2024-08-20T14:39:49.587Z",
      "history_change_reason": null,
      "history_type": "+",
      "history_user": 4
    }
  },
  {
    "model": "library.historicalborrowedbook",
    "pk": 25,
    "fields": {
      "id": 18,
      "borrowed_date": "2024-08-20T14:39:56.388Z",
      "returned_date": null,
      "is_returned": false,
      "book": 5,
      "user": 4,
      "history_date": "2024-08-20T14:39:56.395Z",
      "history_change_reason": null,
      "history_type": "+",
      "history_user": 4
    }
  },
  {
    "model": "library.historicalborrowedbook",
    "pk": 26,
    "fields": {
      "id": 19,
      "borrowed_date": "2024-08-20T14:40:13.486Z",
      "returned_date": null,
      "is_returned": false,
      "book": 3,
      "user": 4,
      "history_date": "2024-08-20T14:40:13.493Z",
      "history_change_reason": null,
      "history_type": "+",
      "history_user": 4
    }
  },
  {
    "model": "library.historicalborrowedbook",
    "pk": 27,
    "fields": {
      "id": 17,
      "borrowed_date": "2024-08-20T14:39:49.580Z",
      "returned_date": "2024-08-20T14:40:43.983Z",
      "is_returned": true,
      "book": 9,
      "user": 4,
      "history_date": "2024-08-20T14:40:43.987Z",
      "history_change_reason": null,
      "history_type": "~",
      "history_user": 4
    }
  },
  {
    "model": "library.historicalborrowedbook",
    "pk": 28,
    "fields": {
      "id": 20,
      "borrowed_date": "2024-08-20T14:42:18.444Z",
      "returned_date": null,
      "is_returned": false,
      "book": 4,
      "user": 2,
      "history_date": "2024-08-20T14:42:18.445Z",
      "history_change_reason": null,
      "history_type": "+",
      "history_user": 1
    }
  },
  {
    "model": "library.historicalborrowedbook",
    "pk": 29,
    "fields": {
      "id": 20,
      "borrowed_date": "2024-08-20T14:42:18.444Z",
      "returned_date": "2024-08-20T14:42:40Z",
      "is_returned": true,
      "book": 4,
      "user": 2,
      "history_date": "2024-08-20T14:42:43.682Z",
      "history_change_reason": null,
      "history_type": "~",
      "history_user": 1
    }
  },
  {
    "model": "library.historicalborrowedbook",
    "pk": 30,
    "fields": {
      "id": 21,
      "borrowed_date": "2024-08-20T14:43:18.705Z",
      "returned_date": null,
      "is_returned": false,
      "book": 9,
      "user": 2,
      "history_date": "2024-08-20T14:43:18.707Z",
      "history_change_reason": null,
      "history_type": "+",
      "history_user": 1
    }
  },
  {
    "model": "library.historicalborrowedbook",
    "pk": 31,
    "fields": {
      "id": 21,
      "borrowed_date": "2024-08-20T14:43:18.705Z",
      "returned_date": "2024-08-20T14:43:32Z",
      "is_returned": true,
      "book": 9,
      "user": 2,
      "history_date": "2024-08-20T14:43:35.226Z",
      "history_change_reason": null,
      "history_type": "~",
      "history_user": 1
    }
  },
  {
    "model": "library.historicalborrowedbook",
    "pk": 32,
    "fields": {
      "id": 21,
      "borrowed_date": "2024-08-20T14:43:18.705Z",
      "returned_date": "2024-08-20T14:43:32Z",
      "is_returned": false,
      "book": 9,
      "user": 2,
      "history_date": "2024-08-20T14:43:54.828Z",
      "history_change_reason": null,
      "history_type": "~",
      "history_user": 1
    }
  },
  {
    "model": "library.historicalborrowedbook",
    "pk": 33,
    "fields": {
      "id": 22,
      "borrowed_date": "2024-08-20T15:57:02.617Z",
      "returned_date": null,
      "is_returned": false,
      "book": 5,
      "user": 2,
      "history_date": "2024-08-20T15:57:02.627Z",
      "history_change_reason": null,
      "history_type": "+",
      "history_user": 2
    }
  },
  {
    "model": "library.historicalborrowedbook",
    "pk": 34,
    "fields": {
      "id": 22,
      "borrowed_date": "2024-08-20T15:57:02.617Z",
      "returned_date": "2024-08-20T15:57:27.856Z",
      "is_returned": true,
      "book": 5,
      "user": 2,
      "history_date": "2024-08-20T15:57:27.861Z",
      "history_change_reason": null,
      "history_type": "~",
      "history_user": 2
    }
  },
  {
    "model": "library.historicalborrowedbook",
    "pk": 35,
    "fields": {
      "id": 21,
      "borrowed_date": "2024-08-20T14:43:18.705Z",
      "returned_date": "2024-08-20T14:43:32Z",
      "is_returned": false,
      "book": 9,
      "user": 2,
      "history_date": "2024-08-20T16:04:57.220Z",
      "history_change_reason": null,
      "history_type": "-",
      "history_user": 1
    }
  },
  {
    "model": "library.borrowedbook",
    "pk": 2,
    "fields": {
      "book": 1,
      "user": 2,
      "borrowed_date": "2024-08-20T09:54:15.687Z",
      "returned_date": null,
      "is_returned": false
    }
  },
  {
    "model": "library.borrowedbook",
    "pk": 3,
    "fields": {
      "book": 5,
      "user": 2,
      "borrowed_date": "2024-08-20T09:54:28.562Z",
      "returned_date": "2024-08-20T13:20:28.842Z",
      "is_returned": true
    }
  },
  {
    "model": "library.borrowedbook",
    "pk": 4,
    "fields": {
      "book": 8,
      "user": 2,
      "borrowed_date": "2024-08-20T09:54:42.986Z",
      "returned_date": "2024-08-20T09:55:24.191Z",
      "is_returned": true
    }
  },
  {
    "model": "library.borrowedbook",
    "pk": 5,
    "fields": {
      "book": 7,
      "user": 3,
      "borrowed_date": "2024-08-20T10:00:32.004Z",
      "returned_date": "2024-08-20T14:36:36.949Z",
      "is_returned": true
    }
  },
  {
    "model": "library.borrowedbook",
    "pk": 6,
    "fields": {
      "book": 4,
      "user": 3,
      "borrowed_date": "2024-08-20T10:00:38.763Z",
      "returned_date": null,
      "is_returned": false
    }
  },
  {
    "model": "library.borrowedbook",
    "pk": 7,
    "fields": {
      "book": 2,
      "user": 3,
      "borrowed_date": "2024-08-20T10:00:46.818Z",
      "returned_date": "2024-08-20T10:04:48.152Z",
      "is_returned": true
    }
  },
  {
    "model": "library.borrowedbook",
    "pk": 8,
    "fields": {
      "book": 1,
      "user": 3,
      "borrowed_date": "2024-08-20T10:04:35.426Z",
      "returned_date": null,
      "is_returned": false
    }
  },
  {
    "model": "library.borrowedbook",
    "pk": 9,
    "fields": {
      "book": 5,
      "user": 3,
      "borrowed_date": "2024-08-20T10:05:25.447Z",
      "returned_date": "2024-08-20T10:06:21.458Z",
      "is_returned": true
    }
  },
  {
    "model": "library.borrowedbook",
    "pk": 10,
    "fields": {
      "book": 5,
      "user": 3,
      "borrowed_date": "2024-08-20T10:15:42.783Z",
      "returned_date": "2024-08-20T10:16:59.342Z",
      "is_returned": true
    }
  },
  {
    "model": "library.borrowedbook",
    "pk": 11,
    "fields": {
      "book": 5,
      "user": 4,
      "borrowed_date": "2024-08-20T10:31:40.006Z",
      "returned_date": "2024-08-20T10:33:33.911Z",
      "is_returned": true
    }
  },
  {
    "model": "library.borrowedbook",
    "pk": 12,
    "fields": {
      "book": 9,
      "user": 2,
      "borrowed_date": "2024-08-20T13:21:00.803Z",
      "returned_date": "2024-08-20T14:34:24.992Z",
      "is_returned": true
    }
  },
  {
    "model": "library.borrowedbook",
    "pk": 13,
    "fields": {
      "book": 6,
      "user": 2,
      "borrowed_date": "2024-08-20T13:21:36.590Z",
      "returned_date": null,
      "is_returned": false
    }
  },
  {
    "model": "library.borrowedbook",
    "pk": 14,
    "fields": {
      "book": 4,
      "user": 2,
      "borrowed_date": "2024-08-20T14:33:33.986Z",
      "returned_date": null,
      "is_returned": false
    }
  },
  {
    "model": "library.borrowedbook",
    "pk": 15,
    "fields": {
      "book": 2,
      "user": 3,
      "borrowed_date": "2024-08-20T14:38:04.528Z",
      "returned_date": null,
      "is_returned": false
    }
  },
  {
    "model": "library.borrowedbook",
    "pk": 16,
    "fields": {
      "book": 2,
      "user": 4,
      "borrowed_date": "2024-08-20T14:39:15.763Z",
      "returned_date": null,
      "is_returned": false
    }
  },
  {
    "model": "library.borrowedbook",
    "pk": 17,
    "fields": {
      "book": 9,
      "user": 4,
      "borrowed_date": "2024-08-20T14:39:49.580Z",
      "returned_date": "2024-08-20T14:40:43.983Z",
      "is_returned": true
    }
  },
  {
    "model": "library.borrowedbook",
    "pk": 18,
    "fields": {
      "book": 5,
      "user": 4,
      "borrowed_date": "2024-08-20T14:39:56.388Z",
      "returned_date": null,
      "is_returned": false
    }
  },
  {
    "model": "library.borrowedbook",
    "pk": 19,
    "fields": {
      "book": 3,
      "user": 4,
      "borrowed_date": "2024-08-20T14:40:13.486Z",
      "returned_date": null,
      "is_returned": false
    }
  },
  {
    "model": "library.borrowedbook",
    "pk": 20,
    "fields": {
      "book": 4,
      "user": 2,
      "borrowed_date": "2024-08-20T14:42:18.444Z",
      "returned_date": "2024-08-20T14:42:40Z",
      "is_returned": true
    }
  },
  {
    "model": "library.borrowedbook",
    "pk": 22,
    "fields": {
      "book": 5,
      "user": 2,
      "borrowed_date": "2024-08-20T15:57:02.617Z",
      "returned_date": "2024-08-20T15:57:27.856Z",
      "is_returned": true
    }
  },
  {
    "model": "users.user",
    "pk": 1,
    "fields": {
      "password": "pbkdf2_sha256$600000$bVgQeuJ5TB6HD2YVI0rMDV$bTN64PGm29RVMPGg6xE6od2cQOcRPN1/e3DbjLBAVRM=",
      "last_login": "2024-08-20T09:40:15.091Z",
      "is_superuser": true,
      "email": "admin@admin.ru",
      "is_staff": true,
      "is_active": true,
      "date_joined": "2024-08-20T09:36:14.016Z",
      "username": "admin",
      "role": "",
      "employee_number": null,
      "first_name": null,
      "last_name": null,
      "address": null,
      "is_reader": false,
      "is_librarian": false,
      "groups": [],
      "user_permissions": []
    }
  },
  {
    "model": "users.user",
    "pk": 2,
    "fields": {
      "password": "pbkdf2_sha256$600000$1QusOOz8eIu9c6UraZeSCj$AOENKg1aMQSp7YZB4nBMn/oWj8qpdr6S58Kv4cmLw40=",
      "last_login": null,
      "is_superuser": false,
      "email": "",
      "is_staff": false,
      "is_active": true,
      "date_joined": "2024-08-20T09:38:55Z",
      "username": "andrey",
      "role": "reader",
      "employee_number": null,
      "first_name": null,
      "last_name": null,
      "address": "",
      "is_reader": true,
      "is_librarian": false,
      "groups": [],
      "user_permissions": []
    }
  },
  {
    "model": "users.user",
    "pk": 3,
    "fields": {
      "password": "pbkdf2_sha256$600000$MEpXA6P4ckVBa1gWjGSloA$qz2RyLalqCsqVSK70U7eIK8rbzATBQVXvshPz6TjB/w=",
      "last_login": null,
      "is_superuser": false,
      "email": "",
      "is_staff": false,
      "is_active": true,
      "date_joined": "2024-08-20T09:39:13Z",
      "username": "alexey",
      "role": "reader",
      "employee_number": null,
      "first_name": null,
      "last_name": null,
      "address": "",
      "is_reader": true,
      "is_librarian": false,
      "groups": [],
      "user_permissions": []
    }
  },
  {
    "model": "users.user",
    "pk": 4,
    "fields": {
      "password": "pbkdf2_sha256$600000$KI80svWgbmaDemH8VSkUAI$vvoRt13/z7bEOxxF6LMi62vP/7/sKMF9knetl+Apy10=",
      "last_login": null,
      "is_superuser": false,
      "email": "",
      "is_staff": false,
      "is_active": true,
      "date_joined": "2024-08-20T09:39:41Z",
      "username": "anastasia",
      "role": "reader",
      "employee_number": null,
      "first_name": null,
      "last_name": null,
      "address": "",
      "is_reader": true,
      "is_librarian": false,
      "groups": [],
      "user_permissions": []
    }
  }
]